,video_duration_sec,verified_status,video_view_count,video_like_count,video_share_count,video_download_count,video_comment_count
video_duration_sec,1.0,-0.010357703985379926,0.008481484343773268,0.011566613641934662,0.011559856871988084,0.013078015947574267,0.000615147266721176
verified_status,-0.010357703985379926,1.0,-0.1309831545677783,-0.1047792422093703,-0.08202187635372499,-0.08934347074795906,-0.06946575065660827
video_view_count,0.008481484343773268,-0.1309831545677783,1.0,0.8043221351779166,0.6656346183394107,0.6642217938601117,0.5541717173516126
video_like_count,0.011566613641934662,-0.1047792422093703,0.8043221351779166,1.0,0.8257891245314362,0.8235538805321547,0.6871853971292711
video_share_count,0.011559856871988084,-0.08202187635372499,0.6656346183394107,0.8257891245314362,1.0,0.679909626819903,0.5746320792715145
video_download_count,0.013078015947574267,-0.08934347074795906,0.6642217938601117,0.8235538805321547,0.679909626819903,1.0,0.8324642623351637
video_comment_count,0.000615147266721176,-0.06946575065660827,0.5541717173516126,0.6871853971292711,0.5746320792715145,0.8324642623351637,1.0
