,video_duration_sec,verified_status,video_view_count,video_like_count,video_share_count,video_download_count,video_comment_count
count,19084.0,19084.0,19084.0,19084.0,19084.0,19084.0,19084.0
mean,32.423810521903164,0.06287989939216097,254708.5586879061,84304.63603018236,16735.248323202683,1049.4296269125969,349.3121463005659
std,16.226470346622122,0.2427531781970765,322893.2808137871,133420.54681367226,32036.174350150646,2004.2998939791726,799.6388647869026
min,5.0,0.0,20.0,0.0,0.0,0.0,0.0
25%,18.0,0.0,4942.5,810.75,115.0,7.0,1.0
50%,32.0,0.0,9954.5,3403.5,717.0,46.0,9.0
75%,47.0,0.0,504327.0,125020.0,18222.0,1156.25,292.0
max,60.0,1.0,999817.0,657830.0,256130.0,14994.0,9599.0
